{"mean":{"confidence_interval":{"confidence_level":0.95,"lower_bound":17955139.077666666,"upper_bound":18626107.944750007},"point_estimate":18252394.99333333,"standard_error":171889.06488020724},"median":{"confidence_interval":{"confidence_level":0.95,"lower_bound":17775250.0,"upper_bound":17892416.5},"point_estimate":17822229.166666668,"standard_error":29598.337282249162},"median_abs_dev":{"confidence_interval":{"confidence_level":0.95,"lower_bound":160677.01924741452,"upper_bound":287696.54809236433},"point_estimate":205587.1963500995,"standard_error":33246.63834860072},"slope":null,"std_dev":{"confidence_interval":{"confidence_level":0.95,"lower_bound":772545.0755264059,"upper_bound":2474946.298812783},"point_estimate":1724522.4820812864,"standard_error":441714.8897036319}}