{"mean":{"confidence_interval":{"confidence_level":0.95,"lower_bound":-0.19608305515743785,"upper_bound":-0.1508566745396018},"point_estimate":-0.17837051308054652,"standard_error":0.012073926535206359},"median":{"confidence_interval":{"confidence_level":0.95,"lower_bound":-0.19573381887784524,"upper_bound":-0.18353971762805366},"point_estimate":-0.18614703436962532,"standard_error":0.003068301250883796}}