{"mean":{"confidence_interval":{"confidence_level":0.95,"lower_bound":0.01722534920378857,"upper_bound":0.05503904805024981},"point_estimate":0.03493760158648063,"standard_error":0.009827960662229443},"median":{"confidence_interval":{"confidence_level":0.95,"lower_bound":-0.0033259240596101858,"upper_bound":0.004750269064072388},"point_estimate":0.00009313207788719247,"standard_error":0.0020459790469556783}}