{"mean":{"confidence_interval":{"confidence_level":0.95,"lower_bound":3078273.874014706,"upper_bound":3092606.1365882354},"point_estimate":3085373.015294117,"standard_error":3646.8464310130157},"median":{"confidence_interval":{"confidence_level":0.95,"lower_bound":3072117.6470588236,"upper_bound":3089827.205882353},"point_estimate":3077857.8529411764,"standard_error":4851.748370364208},"median_abs_dev":{"confidence_interval":{"confidence_level":0.95,"lower_bound":32164.788399549314,"upper_bound":49848.7612208901},"point_estimate":41887.11215047259,"standard_error":4476.8018982006515},"slope":null,"std_dev":{"confidence_interval":{"confidence_level":0.95,"lower_bound":32099.888874016076,"upper_bound":40993.916773626326},"point_estimate":36792.40456748146,"standard_error":2265.81812972096}}