{"mean":{"confidence_interval":{"confidence_level":0.95,"lower_bound":2089676.1743749997,"upper_bound":2099399.182208333},"point_estimate":2094503.0720833328,"standard_error":2478.9197620025957},"median":{"confidence_interval":{"confidence_level":0.95,"lower_bound":2084807.2916666667,"upper_bound":2099166.6666666665},"point_estimate":2095281.25,"standard_error":3640.055031208806},"median_abs_dev":{"confidence_interval":{"confidence_level":0.95,"lower_bound":20453.980124369322,"upper_bound":30900.379538908484},"point_estimate":26045.91480009252,"standard_error":2521.5288849522426},"slope":null,"std_dev":{"confidence_interval":{"confidence_level":0.95,"lower_bound":21603.035127294366,"upper_bound":27790.59149113325},"point_estimate":24889.534625370656,"standard_error":1579.6818860655808}}