{"mean":{"confidence_interval":{"confidence_level":0.95,"lower_bound":-0.022261144792047105,"upper_bound":-0.0038656642028257597},"point_estimate":-0.013001969223438548,"standard_error":0.004684315131679749},"median":{"confidence_interval":{"confidence_level":0.95,"lower_bound":-0.017066498910348282,"upper_bound":-0.006931180817570929},"point_estimate":-0.010766170793630181,"standard_error":0.00259142450720864}}