{"mean":{"confidence_interval":{"confidence_level":0.95,"lower_bound":-0.04644721179767234,"upper_bound":-0.018409743598595436},"point_estimate":-0.03422390094900385,"standard_error":0.007517759748949104},"median":{"confidence_interval":{"confidence_level":0.95,"lower_bound":-0.06351760053226474,"upper_bound":-0.05066415028686353},"point_estimate":-0.05890887757414054,"standard_error":0.003367595659810558}}