{"mean":{"confidence_interval":{"confidence_level":0.95,"lower_bound":2476603.3062619055,"upper_bound":2485916.4571190467},"point_estimate":2481230.555238095,"standard_error":2373.7149205073233},"median":{"confidence_interval":{"confidence_level":0.95,"lower_bound":2474593.238095238,"upper_bound":2486022.8095238097},"point_estimate":2482560.5,"standard_error":3061.487740459163},"median_abs_dev":{"confidence_interval":{"confidence_level":0.95,"lower_bound":16351.277409707092,"upper_bound":29195.99408166759},"point_estimate":24571.764763764073,"standard_error":3054.3194759591115},"slope":null,"std_dev":{"confidence_interval":{"confidence_level":0.95,"lower_bound":20342.212697849016,"upper_bound":27070.11343973745},"point_estimate":23868.232664078256,"standard_error":1716.399101616581}}