{"mean":{"confidence_interval":{"confidence_level":0.95,"lower_bound":0.02183326909324494,"upper_bound":0.03174683081668521},"point_estimate":0.026580109403532726,"standard_error":0.002539816384178902},"median":{"confidence_interval":{"confidence_level":0.95,"lower_bound":0.021859613485683882,"upper_bound":0.031014888544871333},"point_estimate":0.026235672363780438,"standard_error":0.002380822047366767}}