{"mean":{"confidence_interval":{"confidence_level":0.95,"lower_bound":-0.020425001289340047,"upper_bound":0.0020484910225413246},"point_estimate":-0.00973908339770968,"standard_error":0.005911695811290976},"median":{"confidence_interval":{"confidence_level":0.95,"lower_bound":-0.020948984235906076,"upper_bound":-0.008408360711804619},"point_estimate":-0.014039495210480868,"standard_error":0.003146410960513768}}