{"mean":{"confidence_interval":{"confidence_level":0.95,"lower_bound":-0.008596496669036986,"upper_bound":0.07580848920200058},"point_estimate":0.030532546077602918,"standard_error":0.021740042633623974},"median":{"confidence_interval":{"confidence_level":0.95,"lower_bound":-0.01322684829894094,"upper_bound":0.011381606453458648},"point_estimate":0.000335831634366901,"standard_error":0.006156408015707254}}