{"mean":{"confidence_interval":{"confidence_level":0.95,"lower_bound":-0.01579943607600694,"upper_bound":0.0017538520293087325},"point_estimate":-0.007002152087028479,"standard_error":0.0044644822053837175},"median":{"confidence_interval":{"confidence_level":0.95,"lower_bound":-0.018400684671420642,"upper_bound":0.0062637129454252705},"point_estimate":-0.005615292734854838,"standard_error":0.006223082709084091}}