{"mean":{"confidence_interval":{"confidence_level":0.95,"lower_bound":326175209.78638893,"upper_bound":329106707.516253},"point_estimate":327516798.8293783,"standard_error":754032.9736549275},"median":{"confidence_interval":{"confidence_level":0.95,"lower_bound":325529028.2476852,"upper_bound":329125603.1547619},"point_estimate":326892977.4444444,"standard_error":916179.6093463241},"median_abs_dev":{"confidence_interval":{"confidence_level":0.95,"lower_bound":188986.78321344825,"upper_bound":3885423.3140654513},"point_estimate":2080597.6518527989,"standard_error":997914.8319836238},"slope":{"confidence_interval":{"confidence_level":0.95,"lower_bound":325556526.22628206,"upper_bound":326965703.4438267},"point_estimate":326032346.1038961,"standard_error":365361.2329372285},"std_dev":{"confidence_interval":{"confidence_level":0.95,"lower_bound":950761.5173712507,"upper_bound":3294933.161661851},"point_estimate":2517057.637903749,"standard_error":617655.9816974498}}