{"mean":{"confidence_interval":{"confidence_level":0.95,"lower_bound":-0.02780571237502651,"upper_bound":0.0018493062354083634},"point_estimate":-0.011992143617170048,"standard_error":0.00757688693939056},"median":{"confidence_interval":{"confidence_level":0.95,"lower_bound":-0.0009846138691882445,"upper_bound":0.010984269351126175},"point_estimate":0.004057118095615708,"standard_error":0.0031796985509852196}}