{"mean":{"confidence_interval":{"confidence_level":0.95,"lower_bound":2117745.6081666667,"upper_bound":2137919.8302708343},"point_estimate":2127150.2425000006,"standard_error":5168.6690725805065},"median":{"confidence_interval":{"confidence_level":0.95,"lower_bound":2111157.979166667,"upper_bound":2125605.9166666665},"point_estimate":2118834.1875,"standard_error":3453.3742162588937},"median_abs_dev":{"confidence_interval":{"confidence_level":0.95,"lower_bound":22432.923681735807,"upper_bound":37510.304421559435},"point_estimate":30150.06040222943,"standard_error":3697.926215971897},"slope":null,"std_dev":{"confidence_interval":{"confidence_level":0.95,"lower_bound":34409.32784156112,"upper_bound":68871.1688378896},"point_estimate":52147.30261004686,"standard_error":8914.833593019983}}