{"mean":{"confidence_interval":{"confidence_level":0.95,"lower_bound":2403670.317404762,"upper_bound":2414504.2109523807},"point_estimate":2409051.5895238086,"standard_error":2772.445390781914},"median":{"confidence_interval":{"confidence_level":0.95,"lower_bound":2403372.0476190476,"upper_bound":2414575.380952381},"point_estimate":2407546.6428571427,"standard_error":2558.0744529757826},"median_abs_dev":{"confidence_interval":{"confidence_level":0.95,"lower_bound":18088.319778868263,"upper_bound":34604.2716856517},"point_estimate":25114.502254128456,"standard_error":4186.986382520097},"slope":null,"std_dev":{"confidence_interval":{"confidence_level":0.95,"lower_bound":23674.669503587585,"upper_bound":31569.416155107738},"point_estimate":27836.446682231282,"standard_error":2011.2414727125197}}