{"mean":{"confidence_interval":{"confidence_level":0.95,"lower_bound":-0.17502413900754643,"upper_bound":-0.08146182330085124},"point_estimate":-0.1267455462750834,"standard_error":0.024057824634681032},"median":{"confidence_interval":{"confidence_level":0.95,"lower_bound":-0.06148636827671827,"upper_bound":-0.01660500693424638},"point_estimate":-0.03765243498063753,"standard_error":0.012634479702439253}}