{"mean":{"confidence_interval":{"confidence_level":0.95,"lower_bound":12425473.731687501,"upper_bound":12491724.410125},"point_estimate":12458205.31,"standard_error":16920.129825885506},"median":{"confidence_interval":{"confidence_level":0.95,"lower_bound":12440312.5,"upper_bound":12490390.625},"point_estimate":12465520.75,"standard_error":11394.42735158243},"median_abs_dev":{"confidence_interval":{"confidence_level":0.95,"lower_bound":83635.68841516972,"upper_bound":161132.8708636946},"point_estimate":113017.29871854186,"standard_error":19507.72982299008},"slope":null,"std_dev":{"confidence_interval":{"confidence_level":0.95,"lower_bound":129086.33898533469,"upper_bound":214865.55745109843},"point_estimate":169698.1500316125,"standard_error":22439.850231309047}}