{"mean":{"confidence_interval":{"confidence_level":0.95,"lower_bound":11319280.680049999,"upper_bound":11947251.39425},"point_estimate":11598514.666000001,"standard_error":161471.36107706005},"median":{"confidence_interval":{"confidence_level":0.95,"lower_bound":11138216.6,"upper_bound":11414891.6},"point_estimate":11242912.399999999,"standard_error":61276.72188076065},"median_abs_dev":{"confidence_interval":{"confidence_level":0.95,"lower_bound":408153.54583382444,"upper_bound":609188.3201247463},"point_estimate":510854.7286105181,"standard_error":52961.16457260676},"slope":null,"std_dev":{"confidence_interval":{"confidence_level":0.95,"lower_bound":742761.1564186309,"upper_bound":2381812.983202355},"point_estimate":1626783.019099801,"standard_error":425641.6119444892}}