{"mean":{"confidence_interval":{"confidence_level":0.95,"lower_bound":853476.6119468929,"upper_bound":891534.695387215},"point_estimate":867108.8041895734,"standard_error":11348.759929521762},"median":{"confidence_interval":{"confidence_level":0.95,"lower_bound":852392.3022584033,"upper_bound":860848.4854323308},"point_estimate":856017.5714285714,"standard_error":2022.5490984477951},"median_abs_dev":{"confidence_interval":{"confidence_level":0.95,"lower_bound":3511.6293764060224,"upper_bound":11016.588800398657},"point_estimate":8163.305767572336,"standard_error":1964.8545845409294},"slope":{"confidence_interval":{"confidence_level":0.95,"lower_bound":851067.6100007965,"upper_bound":889807.9716220814},"point_estimate":863323.606022897,"standard_error":10764.950704627721},"std_dev":{"confidence_interval":{"confidence_level":0.95,"lower_bound":5028.788555385325,"upper_bound":85980.31678059335},"point_estimate":52417.85525953354,"standard_error":28814.63493870959}}