{"mean":{"confidence_interval":{"confidence_level":0.95,"lower_bound":-0.08889974888408973,"upper_bound":-0.08094554135975446},"point_estimate":-0.08527362697346053,"standard_error":0.0020299676183338578},"median":{"confidence_interval":{"confidence_level":0.95,"lower_bound":-0.09170823284143392,"upper_bound":-0.08278057957601263},"point_estimate":-0.0883527081386205,"standard_error":0.002337951740338388}}