{"mean":{"confidence_interval":{"confidence_level":0.95,"lower_bound":-0.00977051605181364,"upper_bound":0.021085814715191675},"point_estimate":0.005898327163528672,"standard_error":0.008013063971902932},"median":{"confidence_interval":{"confidence_level":0.95,"lower_bound":-0.015644836320672262,"upper_bound":-0.0058240143270607},"point_estimate":-0.009795657235169397,"standard_error":0.0025266197133211005}}