{"mean":{"confidence_interval":{"confidence_level":0.95,"lower_bound":5010201.129416667,"upper_bound":5024070.905833335},"point_estimate":5017010.970833337,"standard_error":3550.4429825744633},"median":{"confidence_interval":{"confidence_level":0.95,"lower_bound":5005406.25,"upper_bound":5022541.666666667},"point_estimate":5017453.125,"standard_error":4831.152791572399},"median_abs_dev":{"confidence_interval":{"confidence_level":0.95,"lower_bound":25466.743297874465,"upper_bound":45013.40467022733},"point_estimate":38702.036812901264,"standard_error":5462.458921049161},"slope":null,"std_dev":{"confidence_interval":{"confidence_level":0.95,"lower_bound":29474.52839966027,"upper_bound":42465.72844422638},"point_estimate":35687.01658742058,"standard_error":3371.683044631143}}