{"mean":{"confidence_interval":{"confidence_level":0.95,"lower_bound":0.0948141659497342,"upper_bound":0.44595381384963},"point_estimate":0.23425557547485987,"standard_error":0.08805312825213124},"median":{"confidence_interval":{"confidence_level":0.95,"lower_bound":0.04682769502287476,"upper_bound":0.2723629304676509},"point_estimate":0.09027722174696295,"standard_error":0.06404733528538639}}