{"mean":{"confidence_interval":{"confidence_level":0.95,"lower_bound":-0.02312958607730354,"upper_bound":-0.017369650082047352},"point_estimate":-0.020614038005715152,"standard_error":0.0014324967532277774},"median":{"confidence_interval":{"confidence_level":0.95,"lower_bound":-0.023753948188840246,"upper_bound":-0.017493460447254527},"point_estimate":-0.019807614090024184,"standard_error":0.0014927886930264592}}