{"mean":{"confidence_interval":{"confidence_level":0.95,"lower_bound":834269.1291850774,"upper_bound":836138.1904310514},"point_estimate":835199.6235922509,"standard_error":479.9770742562542},"median":{"confidence_interval":{"confidence_level":0.95,"lower_bound":833895.6312260537,"upper_bound":836978.064591785},"point_estimate":834628.4901477833,"standard_error":876.7118461475832},"median_abs_dev":{"confidence_interval":{"confidence_level":0.95,"lower_bound":842.9574930805223,"upper_bound":3520.9653285247705},"point_estimate":2717.8117519520147,"standard_error":648.0423567268602},"slope":{"confidence_interval":{"confidence_level":0.95,"lower_bound":834899.7042401172,"upper_bound":836807.726969975},"point_estimate":835948.82011294,"standard_error":485.8578830329897},"std_dev":{"confidence_interval":{"confidence_level":0.95,"lower_bound":1627.4247928255097,"upper_bound":2594.673892301902},"point_estimate":2194.2561847570305,"standard_error":247.95142645530618}}