{"mean":{"confidence_interval":{"confidence_level":0.95,"lower_bound":-0.18076654886714552,"upper_bound":-0.15162266431384053},"point_estimate":-0.1687287420707987,"standard_error":0.007710718729713445},"median":{"confidence_interval":{"confidence_level":0.95,"lower_bound":-0.18318014411426964,"upper_bound":-0.17941740080853397},"point_estimate":-0.18198391048937101,"standard_error":0.0010087660389539997}}