{"mean":{"confidence_interval":{"confidence_level":0.95,"lower_bound":-0.002159163838123787,"upper_bound":0.009996848003127012},"point_estimate":0.003030091910381394,"standard_error":0.003229893444299574},"median":{"confidence_interval":{"confidence_level":0.95,"lower_bound":-0.0031255193215705946,"upper_bound":0.004345600312492648},"point_estimate":-0.00013179867410895163,"standard_error":0.0018615548031675085}}