{"mean":{"confidence_interval":{"confidence_level":0.95,"lower_bound":-0.008905616870361063,"upper_bound":-0.0021898472421911317},"point_estimate":-0.005524304151987236,"standard_error":0.0017131846277156533},"median":{"confidence_interval":{"confidence_level":0.95,"lower_bound":-0.009361943960245034,"upper_bound":-0.0010908746234794542},"point_estimate":-0.005014008614596888,"standard_error":0.0021137324691559564}}