{"mean":{"confidence_interval":{"confidence_level":0.95,"lower_bound":1274091831.3751388,"upper_bound":1280977322.1195278},"point_estimate":1277267591.4018848,"standard_error":1772829.0712504406},"median":{"confidence_interval":{"confidence_level":0.95,"lower_bound":1272878583.375,"upper_bound":1281547391.1830359},"point_estimate":1275701668.9722223,"standard_error":1901294.2596044077},"median_abs_dev":{"confidence_interval":{"confidence_level":0.95,"lower_bound":1357502.6254037167,"upper_bound":9694233.566335581},"point_estimate":4304228.627552096,"standard_error":2071360.4228032792},"slope":{"confidence_interval":{"confidence_level":0.95,"lower_bound":1276427252.8687742,"upper_bound":1282817385.9826202},"point_estimate":1279217073.6532466,"standard_error":1601324.807004442},"std_dev":{"confidence_interval":{"confidence_level":0.95,"lower_bound":2234408.8672628202,"upper_bound":7671295.238009213},"point_estimate":5939678.422319635,"standard_error":1413189.313383696}}