{"mean":{"confidence_interval":{"confidence_level":0.95,"lower_bound":0.00538592832613267,"upper_bound":0.02453421205535275},"point_estimate":0.014163871358247482,"standard_error":0.005021763984084058},"median":{"confidence_interval":{"confidence_level":0.95,"lower_bound":-0.0011374051610141267,"upper_bound":0.010176716864848476},"point_estimate":0.004849350507779571,"standard_error":0.002862191115940391}}