{"mean":{"confidence_interval":{"confidence_level":0.95,"lower_bound":-0.015120777951901237,"upper_bound":0.0035029003863893036},"point_estimate":-0.005005818925708616,"standard_error":0.0047606815442858405},"median":{"confidence_interval":{"confidence_level":0.95,"lower_bound":-0.0005242482368532162,"upper_bound":0.011090221305658288},"point_estimate":0.00745220566143745,"standard_error":0.0030417878590004413}}