{"mean":{"confidence_interval":{"confidence_level":0.95,"lower_bound":-0.08129915298906122,"upper_bound":-0.07421768542181921},"point_estimate":-0.07770137587017922,"standard_error":0.0018066534140008844},"median":{"confidence_interval":{"confidence_level":0.95,"lower_bound":-0.07987274372838815,"upper_bound":-0.0722363686889338},"point_estimate":-0.07608542029305965,"standard_error":0.0018522598921533716}}