{"mean":{"confidence_interval":{"confidence_level":0.95,"lower_bound":0.039539689311559184,"upper_bound":0.09737176787775893},"point_estimate":0.0640493075236781,"standard_error":0.014436264635507998},"median":{"confidence_interval":{"confidence_level":0.95,"lower_bound":0.020739946331611137,"upper_bound":0.04503233905196313},"point_estimate":0.032283388062928076,"standard_error":0.005973352896055176}}