{"mean":{"confidence_interval":{"confidence_level":0.95,"lower_bound":2120972.037315218,"upper_bound":2131108.098304348},"point_estimate":2125842.788695652,"standard_error":2583.0661461424297},"median":{"confidence_interval":{"confidence_level":0.95,"lower_bound":2118315.217391304,"upper_bound":2131212.847826087},"point_estimate":2127322.4565217393,"standard_error":2707.3642766684134},"median_abs_dev":{"confidence_interval":{"confidence_level":0.95,"lower_bound":16334.093983924788,"upper_bound":26596.844384333046},"point_estimate":21192.831941143522,"standard_error":2540.910481126654},"slope":null,"std_dev":{"confidence_interval":{"confidence_level":0.95,"lower_bound":19212.649204861755,"upper_bound":34072.932217512855},"point_estimate":25973.89390007219,"standard_error":4141.021070764741}}