{"mean":{"confidence_interval":{"confidence_level":0.95,"lower_bound":10600837.889050003,"upper_bound":10658065.349000003},"point_estimate":10627996.996,"standard_error":14568.542908043122},"median":{"confidence_interval":{"confidence_level":0.95,"lower_bound":10583029.1,"upper_bound":10632066.6},"point_estimate":10606154.2,"standard_error":11961.596952491915},"median_abs_dev":{"confidence_interval":{"confidence_level":0.95,"lower_bound":92792.22585260868,"upper_bound":137641.02331638418},"point_estimate":117749.2759895322,"standard_error":11272.853364925832},"slope":null,"std_dev":{"confidence_interval":{"confidence_level":0.95,"lower_bound":102664.94199743755,"upper_bound":189115.23260079164},"point_estimate":146502.79059133335,"standard_error":22324.881216903428}}