{"mean":{"confidence_interval":{"confidence_level":0.95,"lower_bound":2102282.9475,"upper_bound":2111184.097083333},"point_estimate":2106667.4462499996,"standard_error":2277.7566640487985},"median":{"confidence_interval":{"confidence_level":0.95,"lower_bound":2099519.0833333335,"upper_bound":2110456.583333333},"point_estimate":2104477.416666667,"standard_error":2643.689720629657},"median_abs_dev":{"confidence_interval":{"confidence_level":0.95,"lower_bound":20408.946150168835,"upper_bound":31335.368193686125},"point_estimate":26363.747169450387,"standard_error":2889.6432022732242},"slope":null,"std_dev":{"confidence_interval":{"confidence_level":0.95,"lower_bound":19874.53498244202,"upper_bound":25380.819811225123},"point_estimate":22838.72301759142,"standard_error":1394.7724781912043}}