{"mean":{"confidence_interval":{"confidence_level":0.95,"lower_bound":2437154.513809523,"upper_bound":2509243.8079880956},"point_estimate":2467098.1557142856,"standard_error":18735.942776601747},"median":{"confidence_interval":{"confidence_level":0.95,"lower_bound":2419845.238095238,"upper_bound":2437964.285714286},"point_estimate":2426695.4285714286,"standard_error":4244.425743289571},"median_abs_dev":{"confidence_interval":{"confidence_level":0.95,"lower_bound":25651.309344598125,"upper_bound":44655.94650719844},"point_estimate":31281.69454463861,"standard_error":4855.0388257080085},"slope":null,"std_dev":{"confidence_interval":{"confidence_level":0.95,"lower_bound":52622.25005970422,"upper_bound":302420.60703796963},"point_estimate":189896.98391638874,"standard_error":71222.19962375211}}