{"mean":{"confidence_interval":{"confidence_level":0.95,"lower_bound":-0.1510204342388726,"upper_bound":-0.13978978454761662},"point_estimate":-0.14596047862469064,"standard_error":0.002826906315700216},"median":{"confidence_interval":{"confidence_level":0.95,"lower_bound":-0.15778024637752053,"upper_bound":-0.15307352429176524},"point_estimate":-0.155260357514153,"standard_error":0.0012160711494314511}}