{"mean":{"confidence_interval":{"confidence_level":0.95,"lower_bound":-0.021753878272089744,"upper_bound":0.007791722009177554},"point_estimate":-0.008408519046217089,"standard_error":0.007437150445458982},"median":{"confidence_interval":{"confidence_level":0.95,"lower_bound":-0.010975852147074638,"upper_bound":-0.0016140638559317688},"point_estimate":-0.00652197860530368,"standard_error":0.0023819144241738624}}